sample,i5_name,i5_seq,i7_name,i7_seq
1,D501,TATAGCCT,D701,CGAGTAAT
2,D501,TATAGCCT,D702,TCTCCGGA
3,D501,TATAGCCT,D703,AATGAGCG
4,D501,TATAGCCT,D704,GGAATCTC
5,D501,TATAGCCT,D705,TTCTGAAT
6,D501,TATAGCCT,D706,ACGAATTC
7,D501,TATAGCCT,D707,AGCTTCAG
8,D501,TATAGCCT,D708,GCGCATTA
9,D501,TATAGCCT,D709,CATAGCCG
10,D501,TATAGCCT,D710,TTCGCGGA
11,D501,TATAGCCT,D711,GCGCGAGA
12,D501,TATAGCCT,D712,CTATCGCT
13,D502,ATAGAGGC,D701,CGAGTAAT
14,D502,ATAGAGGC,D702,TCTCCGGA
15,D502,ATAGAGGC,D703,AATGAGCG
16,D502,ATAGAGGC,D704,GGAATCTC
17,D502,ATAGAGGC,D705,TTCTGAAT
18,D502,ATAGAGGC,D706,ACGAATTC
19,D502,ATAGAGGC,D707,AGCTTCAG
20,D502,ATAGAGGC,D708,GCGCATTA
21,D502,ATAGAGGC,D709,CATAGCCG
22,D502,ATAGAGGC,D710,TTCGCGGA
23,D502,ATAGAGGC,D711,GCGCGAGA
24,D502,ATAGAGGC,D712,CTATCGCT
25,D503,CCTATCCT,D701,CGAGTAAT
26,D503,CCTATCCT,D702,TCTCCGGA
27,D503,CCTATCCT,D703,AATGAGCG
28,D503,CCTATCCT,D704,GGAATCTC
29,D503,CCTATCCT,D705,TTCTGAAT
30,D503,CCTATCCT,D706,ACGAATTC
31,D503,CCTATCCT,D707,AGCTTCAG
32,D503,CCTATCCT,D708,GCGCATTA
33,D503,CCTATCCT,D709,CATAGCCG
34,D503,CCTATCCT,D710,TTCGCGGA
35,D503,CCTATCCT,D711,GCGCGAGA
36,D503,CCTATCCT,D712,CTATCGCT
37,D504,GGCTCTGA,D701,CGAGTAAT
38,D504,GGCTCTGA,D702,TCTCCGGA
39,D504,GGCTCTGA,D703,AATGAGCG
40,D504,GGCTCTGA,D704,GGAATCTC
41,D504,GGCTCTGA,D705,TTCTGAAT
42,D504,GGCTCTGA,D706,ACGAATTC
43,D504,GGCTCTGA,D707,AGCTTCAG
44,D504,GGCTCTGA,D708,GCGCATTA
45,D504,GGCTCTGA,D709,CATAGCCG
46,D504,GGCTCTGA,D710,TTCGCGGA
47,D504,GGCTCTGA,D711,GCGCGAGA
48,D504,GGCTCTGA,D712,CTATCGCT
49,D505,AGGCGAAG,D701,CGAGTAAT
50,D505,AGGCGAAG,D702,TCTCCGGA
51,D505,AGGCGAAG,D703,AATGAGCG
52,D505,AGGCGAAG,D704,GGAATCTC
53,D505,AGGCGAAG,D705,TTCTGAAT
54,D505,AGGCGAAG,D706,ACGAATTC
55,D505,AGGCGAAG,D707,AGCTTCAG
56,D505,AGGCGAAG,D708,GCGCATTA
57,D505,AGGCGAAG,D709,CATAGCCG
58,D505,AGGCGAAG,D710,TTCGCGGA
59,D505,AGGCGAAG,D711,GCGCGAGA
60,D505,AGGCGAAG,D712,CTATCGCT
61,D506,TAATCTTA,D701,CGAGTAAT
62,D506,TAATCTTA,D702,TCTCCGGA
63,D506,TAATCTTA,D703,AATGAGCG
64,D506,TAATCTTA,D704,GGAATCTC
65,D506,TAATCTTA,D705,TTCTGAAT
66,D506,TAATCTTA,D706,ACGAATTC
67,D506,TAATCTTA,D707,AGCTTCAG
68,D506,TAATCTTA,D708,GCGCATTA
69,D506,TAATCTTA,D709,CATAGCCG
70,D506,TAATCTTA,D710,TTCGCGGA
71,D506,TAATCTTA,D711,GCGCGAGA
72,D506,TAATCTTA,D712,CTATCGCT
73,D507,CAGGACGT,D701,CGAGTAAT
74,D507,CAGGACGT,D702,TCTCCGGA
75,D507,CAGGACGT,D703,AATGAGCG
76,D507,CAGGACGT,D704,GGAATCTC
77,D507,CAGGACGT,D705,TTCTGAAT
78,D507,CAGGACGT,D706,ACGAATTC
79,D507,CAGGACGT,D707,AGCTTCAG
80,D507,CAGGACGT,D708,GCGCATTA
81,D507,CAGGACGT,D709,CATAGCCG
82,D507,CAGGACGT,D710,TTCGCGGA
83,D507,CAGGACGT,D711,GCGCGAGA
84,D507,CAGGACGT,D712,CTATCGCT
85,D508,GTACTGAC,D701,CGAGTAAT
86,D508,GTACTGAC,D702,TCTCCGGA
87,D508,GTACTGAC,D703,AATGAGCG
88,D508,GTACTGAC,D704,GGAATCTC
89,D508,GTACTGAC,D705,TTCTGAAT
90,D508,GTACTGAC,D706,ACGAATTC
91,D508,GTACTGAC,D707,AGCTTCAG
92,D508,GTACTGAC,D708,GCGCATTA
93,D508,GTACTGAC,D709,CATAGCCG
94,D508,GTACTGAC,D710,TTCGCGGA
95,D508,GTACTGAC,D711,GCGCGAGA
96,D508,GTACTGAC,D712,CTATCGCT
97,D501,TATAGCCT,N716,TAGCGAGT
98,D501,TATAGCCT,N718,GTAGCTCC
99,D501,TATAGCCT,N719,TACTACGC
100,D501,TATAGCCT,N720,AGGCTCCG
101,D501,TATAGCCT,N721,GCAGCGTA
102,D501,TATAGCCT,N722,CTGCGCAT
103,D501,TATAGCCT,N723,GAGCGCTA
104,D501,TATAGCCT,N724,CGCTCAGT
105,D501,TATAGCCT,N726,GTCTTAGG
106,D501,TATAGCCT,N727,ACTGATCG
107,D501,TATAGCCT,N728,TAGCTGCA
108,D501,TATAGCCT,N729,GACGTCGA
109,D502,ATAGAGGC,N716,TAGCGAGT
110,D502,ATAGAGGC,N718,GTAGCTCC
111,D502,ATAGAGGC,N719,TACTACGC
112,D502,ATAGAGGC,N720,AGGCTCCG
113,D502,ATAGAGGC,N721,GCAGCGTA
114,D502,ATAGAGGC,N722,CTGCGCAT
115,D502,ATAGAGGC,N723,GAGCGCTA
116,D502,ATAGAGGC,N724,CGCTCAGT
117,D502,ATAGAGGC,N726,GTCTTAGG
118,D502,ATAGAGGC,N727,ACTGATCG
119,D502,ATAGAGGC,N728,TAGCTGCA
120,D502,ATAGAGGC,N729,GACGTCGA
121,D503,CCTATCCT,N716,TAGCGAGT
122,D503,CCTATCCT,N718,GTAGCTCC
123,D503,CCTATCCT,N719,TACTACGC
124,D503,CCTATCCT,N720,AGGCTCCG
125,D503,CCTATCCT,N721,GCAGCGTA
126,D503,CCTATCCT,N722,CTGCGCAT
127,D503,CCTATCCT,N723,GAGCGCTA
128,D503,CCTATCCT,N724,CGCTCAGT
129,D503,CCTATCCT,N726,GTCTTAGG
130,D503,CCTATCCT,N727,ACTGATCG
131,D503,CCTATCCT,N728,TAGCTGCA
132,D503,CCTATCCT,N729,GACGTCGA
133,D504,GGCTCTGA,N716,TAGCGAGT
134,D504,GGCTCTGA,N718,GTAGCTCC
135,D504,GGCTCTGA,N719,TACTACGC
136,D504,GGCTCTGA,N720,AGGCTCCG
137,D504,GGCTCTGA,N721,GCAGCGTA
138,D504,GGCTCTGA,N722,CTGCGCAT
139,D504,GGCTCTGA,N723,GAGCGCTA
140,D504,GGCTCTGA,N724,CGCTCAGT
141,D504,GGCTCTGA,N726,GTCTTAGG
142,D504,GGCTCTGA,N727,ACTGATCG
143,D504,GGCTCTGA,N728,TAGCTGCA
144,D504,GGCTCTGA,N729,GACGTCGA
145,D505,AGGCGAAG,N716,TAGCGAGT
146,D505,AGGCGAAG,N718,GTAGCTCC
147,D505,AGGCGAAG,N719,TACTACGC
148,D505,AGGCGAAG,N720,AGGCTCCG
149,D505,AGGCGAAG,N721,GCAGCGTA
150,D505,AGGCGAAG,N722,CTGCGCAT
151,D505,AGGCGAAG,N723,GAGCGCTA
152,D505,AGGCGAAG,N724,CGCTCAGT
153,D505,AGGCGAAG,N726,GTCTTAGG
154,D505,AGGCGAAG,N727,ACTGATCG
155,D505,AGGCGAAG,N728,TAGCTGCA
156,D505,AGGCGAAG,N729,GACGTCGA
157,D506,TAATCTTA,N716,TAGCGAGT
158,D506,TAATCTTA,N718,GTAGCTCC
159,D506,TAATCTTA,N719,TACTACGC
160,D506,TAATCTTA,N720,AGGCTCCG
161,D506,TAATCTTA,N721,GCAGCGTA
162,D506,TAATCTTA,N722,CTGCGCAT
163,D506,TAATCTTA,N723,GAGCGCTA
164,D506,TAATCTTA,N724,CGCTCAGT
165,D506,TAATCTTA,N726,GTCTTAGG
166,D506,TAATCTTA,N727,ACTGATCG
167,D506,TAATCTTA,N728,TAGCTGCA
168,D506,TAATCTTA,N729,GACGTCGA
169,D507,CAGGACGT,N716,TAGCGAGT
170,D507,CAGGACGT,N718,GTAGCTCC
171,D507,CAGGACGT,N719,TACTACGC
172,D507,CAGGACGT,N720,AGGCTCCG
173,D507,CAGGACGT,N721,GCAGCGTA
174,D507,CAGGACGT,N722,CTGCGCAT
175,D507,CAGGACGT,N723,GAGCGCTA
176,D507,CAGGACGT,N724,CGCTCAGT
177,D507,CAGGACGT,N726,GTCTTAGG
178,D507,CAGGACGT,N727,ACTGATCG
179,D507,CAGGACGT,N728,TAGCTGCA
180,D507,CAGGACGT,N729,GACGTCGA
181,D508,GTACTGAC,N716,TAGCGAGT
182,D508,GTACTGAC,N718,GTAGCTCC
183,D508,GTACTGAC,N719,TACTACGC
184,D508,GTACTGAC,N720,AGGCTCCG
185,D508,GTACTGAC,N721,GCAGCGTA
186,D508,GTACTGAC,N722,CTGCGCAT
187,D508,GTACTGAC,N723,GAGCGCTA
188,D508,GTACTGAC,N724,CGCTCAGT
189,D508,GTACTGAC,N726,GTCTTAGG
190,D508,GTACTGAC,N727,ACTGATCG
191,D508,GTACTGAC,N728,TAGCTGCA
192,D508,GTACTGAC,N729,GACGTCGA
193,D501,TATAGCCT,B701,CTCTATCG
194,D501,TATAGCCT,B702,TATCGCGA
195,D501,TATAGCCT,B703,AAGTCCTC
196,D501,TATAGCCT,B704,GGCATTCT
197,D501,TATAGCCT,B705,AACTCGGA
198,D501,TATAGCCT,B706,TGTCGACT
199,D501,TATAGCCT,B707,AAGGCGTA
200,D501,TATAGCCT,B708,GTCCTAAG
201,D501,TATAGCCT,B709,AAGCCTGA
202,D501,TATAGCCT,B710,GTATTCCG
203,D501,TATAGCCT,B711,CCTTAGGT
204,D501,TATAGCCT,B712,TGCCTCAA
205,D502,ATAGAGGC,B701,CTCTATCG
206,D502,ATAGAGGC,B702,TATCGCGA
207,D502,ATAGAGGC,B703,AAGTCCTC
208,D502,ATAGAGGC,B704,GGCATTCT
209,D502,ATAGAGGC,B705,AACTCGGA
210,D502,ATAGAGGC,B706,TGTCGACT
211,D502,ATAGAGGC,B707,AAGGCGTA
212,D502,ATAGAGGC,B708,GTCCTAAG
213,D502,ATAGAGGC,B709,AAGCCTGA
214,D502,ATAGAGGC,B710,GTATTCCG
215,D502,ATAGAGGC,B711,CCTTAGGT
216,D502,ATAGAGGC,B712,TGCCTCAA
217,D503,CCTATCCT,B701,CTCTATCG
218,D503,CCTATCCT,B702,TATCGCGA
219,D503,CCTATCCT,B703,AAGTCCTC
220,D503,CCTATCCT,B704,GGCATTCT
221,D503,CCTATCCT,B705,AACTCGGA
222,D503,CCTATCCT,B706,TGTCGACT
223,D503,CCTATCCT,B707,AAGGCGTA
224,D503,CCTATCCT,B708,GTCCTAAG
225,D503,CCTATCCT,B709,AAGCCTGA
226,D503,CCTATCCT,B710,GTATTCCG
227,D503,CCTATCCT,B711,CCTTAGGT
228,D503,CCTATCCT,B712,TGCCTCAA
229,D504,GGCTCTGA,B701,CTCTATCG
230,D504,GGCTCTGA,B702,TATCGCGA
231,D504,GGCTCTGA,B703,AAGTCCTC
232,D504,GGCTCTGA,B704,GGCATTCT
233,D504,GGCTCTGA,B705,AACTCGGA
234,D504,GGCTCTGA,B706,TGTCGACT
235,D504,GGCTCTGA,B707,AAGGCGTA
236,D504,GGCTCTGA,B708,GTCCTAAG
237,D504,GGCTCTGA,B709,AAGCCTGA
238,D504,GGCTCTGA,B710,GTATTCCG
239,D504,GGCTCTGA,B711,CCTTAGGT
240,D504,GGCTCTGA,B712,TGCCTCAA
241,D505,AGGCGAAG,B701,CTCTATCG
242,D505,AGGCGAAG,B702,TATCGCGA
243,D505,AGGCGAAG,B703,AAGTCCTC
244,D505,AGGCGAAG,B704,GGCATTCT
245,D505,AGGCGAAG,B705,AACTCGGA
246,D505,AGGCGAAG,B706,TGTCGACT
247,D505,AGGCGAAG,B707,AAGGCGTA
248,D505,AGGCGAAG,B708,GTCCTAAG
249,D505,AGGCGAAG,B709,AAGCCTGA
250,D505,AGGCGAAG,B710,GTATTCCG
251,D505,AGGCGAAG,B711,CCTTAGGT
252,D505,AGGCGAAG,B712,TGCCTCAA
253,D506,TAATCTTA,B701,CTCTATCG
254,D506,TAATCTTA,B702,TATCGCGA
255,D506,TAATCTTA,B703,AAGTCCTC
256,D506,TAATCTTA,B704,GGCATTCT
257,D506,TAATCTTA,B705,AACTCGGA
258,D506,TAATCTTA,B706,TGTCGACT
259,D506,TAATCTTA,B707,AAGGCGTA
260,D506,TAATCTTA,B708,GTCCTAAG
261,D506,TAATCTTA,B709,AAGCCTGA
262,D506,TAATCTTA,B710,GTATTCCG
263,D506,TAATCTTA,B711,CCTTAGGT
264,D506,TAATCTTA,B712,TGCCTCAA
265,D507,CAGGACGT,B701,CTCTATCG
266,D507,CAGGACGT,B702,TATCGCGA
267,D507,CAGGACGT,B703,AAGTCCTC
268,D507,CAGGACGT,B704,GGCATTCT
269,D507,CAGGACGT,B705,AACTCGGA
270,D507,CAGGACGT,B706,TGTCGACT
271,D507,CAGGACGT,B707,AAGGCGTA
272,D507,CAGGACGT,B708,GTCCTAAG
273,D507,CAGGACGT,B709,AAGCCTGA
274,D507,CAGGACGT,B710,GTATTCCG
275,D507,CAGGACGT,B711,CCTTAGGT
276,D507,CAGGACGT,B712,TGCCTCAA
277,D508,GTACTGAC,B701,CTCTATCG
278,D508,GTACTGAC,B702,TATCGCGA
279,D508,GTACTGAC,B703,AAGTCCTC
280,D508,GTACTGAC,B704,GGCATTCT
281,D508,GTACTGAC,B705,AACTCGGA
282,D508,GTACTGAC,B706,TGTCGACT
283,D508,GTACTGAC,B707,AAGGCGTA
284,D508,GTACTGAC,B708,GTCCTAAG
285,D508,GTACTGAC,B709,AAGCCTGA
286,D508,GTACTGAC,B710,GTATTCCG
287,D508,GTACTGAC,B711,CCTTAGGT
288,D508,GTACTGAC,B712,TGCCTCAA
289,D501,TATAGCCT,B713,AACTGAGG
290,D501,TATAGCCT,B714,TGGAAGCA
291,D501,TATAGCCT,B715,CAGGATGT
292,D501,TATAGCCT,B716,GTAAGCAC
293,D501,TATAGCCT,B717,CAGAACTG
294,D501,TATAGCCT,B718,GTCGTTAC
295,D501,TATAGCCT,B719,CCTGTCAA
296,D501,TATAGCCT,B720,GGCAAGTT
297,D501,TATAGCCT,B721,AAGCGACT
298,D501,TATAGCCT,B722,GGATCTGA
299,D501,TATAGCCT,B723,CCGTTATG
300,D501,TATAGCCT,B724,TGCAAGAC
301,D502,ATAGAGGC,B713,AACTGAGG
302,D502,ATAGAGGC,B714,TGGAAGCA
303,D502,ATAGAGGC,B715,CAGGATGT
304,D502,ATAGAGGC,B716,GTAAGCAC
305,D502,ATAGAGGC,B717,CAGAACTG
306,D502,ATAGAGGC,B718,GTCGTTAC
307,D502,ATAGAGGC,B719,CCTGTCAA
308,D502,ATAGAGGC,B720,GGCAAGTT
309,D502,ATAGAGGC,B721,AAGCGACT
310,D502,ATAGAGGC,B722,GGATCTGA
311,D502,ATAGAGGC,B723,CCGTTATG
312,D502,ATAGAGGC,B724,TGCAAGAC
313,D503,CCTATCCT,B713,AACTGAGG
314,D503,CCTATCCT,B714,TGGAAGCA
315,D503,CCTATCCT,B715,CAGGATGT
316,D503,CCTATCCT,B716,GTAAGCAC
317,D503,CCTATCCT,B717,CAGAACTG
318,D503,CCTATCCT,B718,GTCGTTAC
319,D503,CCTATCCT,B719,CCTGTCAA
320,D503,CCTATCCT,B720,GGCAAGTT
321,D503,CCTATCCT,B721,AAGCGACT
322,D503,CCTATCCT,B722,GGATCTGA
323,D503,CCTATCCT,B723,CCGTTATG
324,D503,CCTATCCT,B724,TGCAAGAC
325,D504,GGCTCTGA,B713,AACTGAGG
326,D504,GGCTCTGA,B714,TGGAAGCA
327,D504,GGCTCTGA,B715,CAGGATGT
328,D504,GGCTCTGA,B716,GTAAGCAC
329,D504,GGCTCTGA,B717,CAGAACTG
330,D504,GGCTCTGA,B718,GTCGTTAC
331,D504,GGCTCTGA,B719,CCTGTCAA
332,D504,GGCTCTGA,B720,GGCAAGTT
333,D504,GGCTCTGA,B721,AAGCGACT
334,D504,GGCTCTGA,B722,GGATCTGA
335,D504,GGCTCTGA,B723,CCGTTATG
336,D504,GGCTCTGA,B724,TGCAAGAC
337,D505,AGGCGAAG,B713,AACTGAGG
338,D505,AGGCGAAG,B714,TGGAAGCA
339,D505,AGGCGAAG,B715,CAGGATGT
340,D505,AGGCGAAG,B716,GTAAGCAC
341,D505,AGGCGAAG,B717,CAGAACTG
342,D505,AGGCGAAG,B718,GTCGTTAC
343,D505,AGGCGAAG,B719,CCTGTCAA
344,D505,AGGCGAAG,B720,GGCAAGTT
345,D505,AGGCGAAG,B721,AAGCGACT
346,D505,AGGCGAAG,B722,GGATCTGA
347,D505,AGGCGAAG,B723,CCGTTATG
348,D505,AGGCGAAG,B724,TGCAAGAC
349,D506,TAATCTTA,B713,AACTGAGG
350,D506,TAATCTTA,B714,TGGAAGCA
351,D506,TAATCTTA,B715,CAGGATGT
352,D506,TAATCTTA,B716,GTAAGCAC
353,D506,TAATCTTA,B717,CAGAACTG
354,D506,TAATCTTA,B718,GTCGTTAC
355,D506,TAATCTTA,B719,CCTGTCAA
356,D506,TAATCTTA,B720,GGCAAGTT
357,D506,TAATCTTA,B721,AAGCGACT
358,D506,TAATCTTA,B722,GGATCTGA
359,D506,TAATCTTA,B723,CCGTTATG
360,D506,TAATCTTA,B724,TGCAAGAC
361,D507,CAGGACGT,B713,AACTGAGG
362,D507,CAGGACGT,B714,TGGAAGCA
363,D507,CAGGACGT,B715,CAGGATGT
364,D507,CAGGACGT,B716,GTAAGCAC
365,D507,CAGGACGT,B717,CAGAACTG
366,D507,CAGGACGT,B718,GTCGTTAC
367,D507,CAGGACGT,B719,CCTGTCAA
368,D507,CAGGACGT,B720,GGCAAGTT
369,D507,CAGGACGT,B721,AAGCGACT
370,D507,CAGGACGT,B722,GGATCTGA
371,D507,CAGGACGT,B723,CCGTTATG
372,D507,CAGGACGT,B724,TGCAAGAC
373,D508,GTACTGAC,B713,AACTGAGG
374,D508,GTACTGAC,B714,TGGAAGCA
375,D508,GTACTGAC,B715,CAGGATGT
376,D508,GTACTGAC,B716,GTAAGCAC
377,D508,GTACTGAC,B717,CAGAACTG
378,D508,GTACTGAC,B718,GTCGTTAC
379,D508,GTACTGAC,B719,CCTGTCAA
380,D508,GTACTGAC,B720,GGCAAGTT
381,D508,GTACTGAC,B721,AAGCGACT
382,D508,GTACTGAC,B722,GGATCTGA
383,D508,GTACTGAC,B723,CCGTTATG
384,D508,GTACTGAC,B724,TGCAAGAC
385,S513,TCGACTAG,D701,CGAGTAAT
386,S513,TCGACTAG,D702,TCTCCGGA
387,S513,TCGACTAG,D703,AATGAGCG
388,S513,TCGACTAG,D704,GGAATCTC
389,S513,TCGACTAG,D705,TTCTGAAT
390,S513,TCGACTAG,D706,ACGAATTC
391,S513,TCGACTAG,D707,AGCTTCAG
392,S513,TCGACTAG,D708,GCGCATTA
393,S513,TCGACTAG,D709,CATAGCCG
394,S513,TCGACTAG,D710,TTCGCGGA
395,S513,TCGACTAG,D711,GCGCGAGA
396,S513,TCGACTAG,D712,CTATCGCT
397,S515,TTCTAGCT,D701,CGAGTAAT
398,S515,TTCTAGCT,D702,TCTCCGGA
399,S515,TTCTAGCT,D703,AATGAGCG
400,S515,TTCTAGCT,D704,GGAATCTC
401,S515,TTCTAGCT,D705,TTCTGAAT
402,S515,TTCTAGCT,D706,ACGAATTC
403,S515,TTCTAGCT,D707,AGCTTCAG
404,S515,TTCTAGCT,D708,GCGCATTA
405,S515,TTCTAGCT,D709,CATAGCCG
406,S515,TTCTAGCT,D710,TTCGCGGA
407,S515,TTCTAGCT,D711,GCGCGAGA
408,S515,TTCTAGCT,D712,CTATCGCT
409,S516,CCTAGAGT,D701,CGAGTAAT
410,S516,CCTAGAGT,D702,TCTCCGGA
411,S516,CCTAGAGT,D703,AATGAGCG
412,S516,CCTAGAGT,D704,GGAATCTC
413,S516,CCTAGAGT,D705,TTCTGAAT
414,S516,CCTAGAGT,D706,ACGAATTC
415,S516,CCTAGAGT,D707,AGCTTCAG
416,S516,CCTAGAGT,D708,GCGCATTA
417,S516,CCTAGAGT,D709,CATAGCCG
418,S516,CCTAGAGT,D710,TTCGCGGA
419,S516,CCTAGAGT,D711,GCGCGAGA
420,S516,CCTAGAGT,D712,CTATCGCT
421,S517,GCGTAAGA,D701,CGAGTAAT
422,S517,GCGTAAGA,D702,TCTCCGGA
423,S517,GCGTAAGA,D703,AATGAGCG
424,S517,GCGTAAGA,D704,GGAATCTC
425,S517,GCGTAAGA,D705,TTCTGAAT
426,S517,GCGTAAGA,D706,ACGAATTC
427,S517,GCGTAAGA,D707,AGCTTCAG
428,S517,GCGTAAGA,D708,GCGCATTA
429,S517,GCGTAAGA,D709,CATAGCCG
430,S517,GCGTAAGA,D710,TTCGCGGA
431,S517,GCGTAAGA,D711,GCGCGAGA
432,S517,GCGTAAGA,D712,CTATCGCT
433,S518,CTATTAAG,D701,CGAGTAAT
434,S518,CTATTAAG,D702,TCTCCGGA
435,S518,CTATTAAG,D703,AATGAGCG
436,S518,CTATTAAG,D704,GGAATCTC
437,S518,CTATTAAG,D705,TTCTGAAT
438,S518,CTATTAAG,D706,ACGAATTC
439,S518,CTATTAAG,D707,AGCTTCAG
440,S518,CTATTAAG,D708,GCGCATTA
441,S518,CTATTAAG,D709,CATAGCCG
442,S518,CTATTAAG,D710,TTCGCGGA
443,S518,CTATTAAG,D711,GCGCGAGA
444,S518,CTATTAAG,D712,CTATCGCT
445,S520,AAGGCTAT,D701,CGAGTAAT
446,S520,AAGGCTAT,D702,TCTCCGGA
447,S520,AAGGCTAT,D703,AATGAGCG
448,S520,AAGGCTAT,D704,GGAATCTC
449,S520,AAGGCTAT,D705,TTCTGAAT
450,S520,AAGGCTAT,D706,ACGAATTC
451,S520,AAGGCTAT,D707,AGCTTCAG
452,S520,AAGGCTAT,D708,GCGCATTA
453,S520,AAGGCTAT,D709,CATAGCCG
454,S520,AAGGCTAT,D710,TTCGCGGA
455,S520,AAGGCTAT,D711,GCGCGAGA
456,S520,AAGGCTAT,D712,CTATCGCT
457,S521,GAGCCTTA,D701,CGAGTAAT
458,S521,GAGCCTTA,D702,TCTCCGGA
459,S521,GAGCCTTA,D703,AATGAGCG
460,S521,GAGCCTTA,D704,GGAATCTC
461,S521,GAGCCTTA,D705,TTCTGAAT
462,S521,GAGCCTTA,D706,ACGAATTC
463,S521,GAGCCTTA,D707,AGCTTCAG
464,S521,GAGCCTTA,D708,GCGCATTA
465,S521,GAGCCTTA,D709,CATAGCCG
466,S521,GAGCCTTA,D710,TTCGCGGA
467,S521,GAGCCTTA,D711,GCGCGAGA
468,S521,GAGCCTTA,D712,CTATCGCT
469,S522,TTATGCGA,D701,CGAGTAAT
470,S522,TTATGCGA,D702,TCTCCGGA
471,S522,TTATGCGA,D703,AATGAGCG
472,S522,TTATGCGA,D704,GGAATCTC
473,S522,TTATGCGA,D705,TTCTGAAT
474,S522,TTATGCGA,D706,ACGAATTC
475,S522,TTATGCGA,D707,AGCTTCAG
476,S522,TTATGCGA,D708,GCGCATTA
477,S522,TTATGCGA,D709,CATAGCCG
478,S522,TTATGCGA,D710,TTCGCGGA
479,S522,TTATGCGA,D711,GCGCGAGA
480,S522,TTATGCGA,D712,CTATCGCT
481,S513,TCGACTAG,N716,TAGCGAGT
482,S513,TCGACTAG,N718,GTAGCTCC
483,S513,TCGACTAG,N719,TACTACGC
484,S513,TCGACTAG,N720,AGGCTCCG
485,S513,TCGACTAG,N721,GCAGCGTA
486,S513,TCGACTAG,N722,CTGCGCAT
487,S513,TCGACTAG,N723,GAGCGCTA
488,S513,TCGACTAG,N724,CGCTCAGT
489,S513,TCGACTAG,N726,GTCTTAGG
490,S513,TCGACTAG,N727,ACTGATCG
491,S513,TCGACTAG,N728,TAGCTGCA
492,S513,TCGACTAG,N729,GACGTCGA
493,S515,TTCTAGCT,N716,TAGCGAGT
494,S515,TTCTAGCT,N718,GTAGCTCC
495,S515,TTCTAGCT,N719,TACTACGC
496,S515,TTCTAGCT,N720,AGGCTCCG
497,S515,TTCTAGCT,N721,GCAGCGTA
498,S515,TTCTAGCT,N722,CTGCGCAT
499,S515,TTCTAGCT,N723,GAGCGCTA
500,S515,TTCTAGCT,N724,CGCTCAGT
501,S515,TTCTAGCT,N726,GTCTTAGG
502,S515,TTCTAGCT,N727,ACTGATCG
503,S515,TTCTAGCT,N728,TAGCTGCA
504,S515,TTCTAGCT,N729,GACGTCGA
505,S516,CCTAGAGT,N716,TAGCGAGT
506,S516,CCTAGAGT,N718,GTAGCTCC
507,S516,CCTAGAGT,N719,TACTACGC
508,S516,CCTAGAGT,N720,AGGCTCCG
509,S516,CCTAGAGT,N721,GCAGCGTA
510,S516,CCTAGAGT,N722,CTGCGCAT
511,S516,CCTAGAGT,N723,GAGCGCTA
512,S516,CCTAGAGT,N724,CGCTCAGT
513,S516,CCTAGAGT,N726,GTCTTAGG
514,S516,CCTAGAGT,N727,ACTGATCG
515,S516,CCTAGAGT,N728,TAGCTGCA
516,S516,CCTAGAGT,N729,GACGTCGA
517,S517,GCGTAAGA,N716,TAGCGAGT
518,S517,GCGTAAGA,N718,GTAGCTCC
519,S517,GCGTAAGA,N719,TACTACGC
520,S517,GCGTAAGA,N720,AGGCTCCG
521,S517,GCGTAAGA,N721,GCAGCGTA
522,S517,GCGTAAGA,N722,CTGCGCAT
523,S517,GCGTAAGA,N723,GAGCGCTA
524,S517,GCGTAAGA,N724,CGCTCAGT
525,S517,GCGTAAGA,N726,GTCTTAGG
526,S517,GCGTAAGA,N727,ACTGATCG
527,S517,GCGTAAGA,N728,TAGCTGCA
528,S517,GCGTAAGA,N729,GACGTCGA
529,S518,CTATTAAG,N716,TAGCGAGT
530,S518,CTATTAAG,N718,GTAGCTCC
531,S518,CTATTAAG,N719,TACTACGC
532,S518,CTATTAAG,N720,AGGCTCCG
533,S518,CTATTAAG,N721,GCAGCGTA
534,S518,CTATTAAG,N722,CTGCGCAT
535,S518,CTATTAAG,N723,GAGCGCTA
536,S518,CTATTAAG,N724,CGCTCAGT
537,S518,CTATTAAG,N726,GTCTTAGG
538,S518,CTATTAAG,N727,ACTGATCG
539,S518,CTATTAAG,N728,TAGCTGCA
540,S518,CTATTAAG,N729,GACGTCGA
541,S520,AAGGCTAT,N716,TAGCGAGT
542,S520,AAGGCTAT,N718,GTAGCTCC
543,S520,AAGGCTAT,N719,TACTACGC
544,S520,AAGGCTAT,N720,AGGCTCCG
545,S520,AAGGCTAT,N721,GCAGCGTA
546,S520,AAGGCTAT,N722,CTGCGCAT
547,S520,AAGGCTAT,N723,GAGCGCTA
548,S520,AAGGCTAT,N724,CGCTCAGT
549,S520,AAGGCTAT,N726,GTCTTAGG
550,S520,AAGGCTAT,N727,ACTGATCG
551,S520,AAGGCTAT,N728,TAGCTGCA
552,S520,AAGGCTAT,N729,GACGTCGA
553,S521,GAGCCTTA,N716,TAGCGAGT
554,S521,GAGCCTTA,N718,GTAGCTCC
555,S521,GAGCCTTA,N719,TACTACGC
556,S521,GAGCCTTA,N720,AGGCTCCG
557,S521,GAGCCTTA,N721,GCAGCGTA
558,S521,GAGCCTTA,N722,CTGCGCAT
559,S521,GAGCCTTA,N723,GAGCGCTA
560,S521,GAGCCTTA,N724,CGCTCAGT
561,S521,GAGCCTTA,N726,GTCTTAGG
562,S521,GAGCCTTA,N727,ACTGATCG
563,S521,GAGCCTTA,N728,TAGCTGCA
564,S521,GAGCCTTA,N729,GACGTCGA
565,S522,TTATGCGA,N716,TAGCGAGT
566,S522,TTATGCGA,N718,GTAGCTCC
567,S522,TTATGCGA,N719,TACTACGC
568,S522,TTATGCGA,N720,AGGCTCCG
569,S522,TTATGCGA,N721,GCAGCGTA
570,S522,TTATGCGA,N722,CTGCGCAT
571,S522,TTATGCGA,N723,GAGCGCTA
572,S522,TTATGCGA,N724,CGCTCAGT
573,S522,TTATGCGA,N726,GTCTTAGG
574,S522,TTATGCGA,N727,ACTGATCG
575,S522,TTATGCGA,N728,TAGCTGCA
576,S522,TTATGCGA,N729,GACGTCGA
577,S513,TCGACTAG,B701,CTCTATCG
578,S513,TCGACTAG,B702,TATCGCGA
579,S513,TCGACTAG,B703,AAGTCCTC
580,S513,TCGACTAG,B704,GGCATTCT
581,S513,TCGACTAG,B705,AACTCGGA
582,S513,TCGACTAG,B706,TGTCGACT
583,S513,TCGACTAG,B707,AAGGCGTA
584,S513,TCGACTAG,B708,GTCCTAAG
585,S513,TCGACTAG,B709,AAGCCTGA
586,S513,TCGACTAG,B710,GTATTCCG
587,S513,TCGACTAG,B711,CCTTAGGT
588,S513,TCGACTAG,B712,TGCCTCAA
589,S515,TTCTAGCT,B701,CTCTATCG
590,S515,TTCTAGCT,B702,TATCGCGA
591,S515,TTCTAGCT,B703,AAGTCCTC
592,S515,TTCTAGCT,B704,GGCATTCT
593,S515,TTCTAGCT,B705,AACTCGGA
594,S515,TTCTAGCT,B706,TGTCGACT
595,S515,TTCTAGCT,B707,AAGGCGTA
596,S515,TTCTAGCT,B708,GTCCTAAG
597,S515,TTCTAGCT,B709,AAGCCTGA
598,S515,TTCTAGCT,B710,GTATTCCG
599,S515,TTCTAGCT,B711,CCTTAGGT
600,S515,TTCTAGCT,B712,TGCCTCAA
601,S516,CCTAGAGT,B701,CTCTATCG
602,S516,CCTAGAGT,B702,TATCGCGA
603,S516,CCTAGAGT,B703,AAGTCCTC
604,S516,CCTAGAGT,B704,GGCATTCT
605,S516,CCTAGAGT,B705,AACTCGGA
606,S516,CCTAGAGT,B706,TGTCGACT
607,S516,CCTAGAGT,B707,AAGGCGTA
608,S516,CCTAGAGT,B708,GTCCTAAG
609,S516,CCTAGAGT,B709,AAGCCTGA
610,S516,CCTAGAGT,B710,GTATTCCG
611,S516,CCTAGAGT,B711,CCTTAGGT
612,S516,CCTAGAGT,B712,TGCCTCAA
613,S517,GCGTAAGA,B701,CTCTATCG
614,S517,GCGTAAGA,B702,TATCGCGA
615,S517,GCGTAAGA,B703,AAGTCCTC
616,S517,GCGTAAGA,B704,GGCATTCT
617,S517,GCGTAAGA,B705,AACTCGGA
618,S517,GCGTAAGA,B706,TGTCGACT
619,S517,GCGTAAGA,B707,AAGGCGTA
620,S517,GCGTAAGA,B708,GTCCTAAG
621,S517,GCGTAAGA,B709,AAGCCTGA
622,S517,GCGTAAGA,B710,GTATTCCG
623,S517,GCGTAAGA,B711,CCTTAGGT
624,S517,GCGTAAGA,B712,TGCCTCAA
625,S518,CTATTAAG,B701,CTCTATCG
626,S518,CTATTAAG,B702,TATCGCGA
627,S518,CTATTAAG,B703,AAGTCCTC
628,S518,CTATTAAG,B704,GGCATTCT
629,S518,CTATTAAG,B705,AACTCGGA
630,S518,CTATTAAG,B706,TGTCGACT
631,S518,CTATTAAG,B707,AAGGCGTA
632,S518,CTATTAAG,B708,GTCCTAAG
633,S518,CTATTAAG,B709,AAGCCTGA
634,S518,CTATTAAG,B710,GTATTCCG
635,S518,CTATTAAG,B711,CCTTAGGT
636,S518,CTATTAAG,B712,TGCCTCAA
637,S520,AAGGCTAT,B701,CTCTATCG
638,S520,AAGGCTAT,B702,TATCGCGA
639,S520,AAGGCTAT,B703,AAGTCCTC
640,S520,AAGGCTAT,B704,GGCATTCT
641,S520,AAGGCTAT,B705,AACTCGGA
642,S520,AAGGCTAT,B706,TGTCGACT
643,S520,AAGGCTAT,B707,AAGGCGTA
644,S520,AAGGCTAT,B708,GTCCTAAG
645,S520,AAGGCTAT,B709,AAGCCTGA
646,S520,AAGGCTAT,B710,GTATTCCG
647,S520,AAGGCTAT,B711,CCTTAGGT
648,S520,AAGGCTAT,B712,TGCCTCAA
649,S521,GAGCCTTA,B701,CTCTATCG
650,S521,GAGCCTTA,B702,TATCGCGA
651,S521,GAGCCTTA,B703,AAGTCCTC
652,S521,GAGCCTTA,B704,GGCATTCT
653,S521,GAGCCTTA,B705,AACTCGGA
654,S521,GAGCCTTA,B706,TGTCGACT
655,S521,GAGCCTTA,B707,AAGGCGTA
656,S521,GAGCCTTA,B708,GTCCTAAG
657,S521,GAGCCTTA,B709,AAGCCTGA
658,S521,GAGCCTTA,B710,GTATTCCG
659,S521,GAGCCTTA,B711,CCTTAGGT
660,S521,GAGCCTTA,B712,TGCCTCAA
661,S522,TTATGCGA,B701,CTCTATCG
662,S522,TTATGCGA,B702,TATCGCGA
663,S522,TTATGCGA,B703,AAGTCCTC
664,S522,TTATGCGA,B704,GGCATTCT
665,S522,TTATGCGA,B705,AACTCGGA
666,S522,TTATGCGA,B706,TGTCGACT
667,S522,TTATGCGA,B707,AAGGCGTA
668,S522,TTATGCGA,B708,GTCCTAAG
669,S522,TTATGCGA,B709,AAGCCTGA
670,S522,TTATGCGA,B710,GTATTCCG
671,S522,TTATGCGA,B711,CCTTAGGT
672,S522,TTATGCGA,B712,TGCCTCAA
673,S513,TCGACTAG,B713,AACTGAGG
674,S513,TCGACTAG,B714,TGGAAGCA
675,S513,TCGACTAG,B715,CAGGATGT
676,S513,TCGACTAG,B716,GTAAGCAC
677,S513,TCGACTAG,B717,CAGAACTG
678,S513,TCGACTAG,B718,GTCGTTAC
679,S513,TCGACTAG,B719,CCTGTCAA
680,S513,TCGACTAG,B720,GGCAAGTT
681,S513,TCGACTAG,B721,AAGCGACT
682,S513,TCGACTAG,B722,GGATCTGA
683,S513,TCGACTAG,B723,CCGTTATG
684,S513,TCGACTAG,B724,TGCAAGAC
685,S515,TTCTAGCT,B713,AACTGAGG
686,S515,TTCTAGCT,B714,TGGAAGCA
687,S515,TTCTAGCT,B715,CAGGATGT
688,S515,TTCTAGCT,B716,GTAAGCAC
689,S515,TTCTAGCT,B717,CAGAACTG
690,S515,TTCTAGCT,B718,GTCGTTAC
691,S515,TTCTAGCT,B719,CCTGTCAA
692,S515,TTCTAGCT,B720,GGCAAGTT
693,S515,TTCTAGCT,B721,AAGCGACT
694,S515,TTCTAGCT,B722,GGATCTGA
695,S515,TTCTAGCT,B723,CCGTTATG
696,S515,TTCTAGCT,B724,TGCAAGAC
697,S516,CCTAGAGT,B713,AACTGAGG
698,S516,CCTAGAGT,B714,TGGAAGCA
699,S516,CCTAGAGT,B715,CAGGATGT
700,S516,CCTAGAGT,B716,GTAAGCAC
701,S516,CCTAGAGT,B717,CAGAACTG
702,S516,CCTAGAGT,B718,GTCGTTAC
703,S516,CCTAGAGT,B719,CCTGTCAA
704,S516,CCTAGAGT,B720,GGCAAGTT
705,S516,CCTAGAGT,B721,AAGCGACT
706,S516,CCTAGAGT,B722,GGATCTGA
707,S516,CCTAGAGT,B723,CCGTTATG
708,S516,CCTAGAGT,B724,TGCAAGAC
709,S517,GCGTAAGA,B713,AACTGAGG
710,S517,GCGTAAGA,B714,TGGAAGCA
711,S517,GCGTAAGA,B715,CAGGATGT
712,S517,GCGTAAGA,B716,GTAAGCAC
713,S517,GCGTAAGA,B717,CAGAACTG
714,S517,GCGTAAGA,B718,GTCGTTAC
715,S517,GCGTAAGA,B719,CCTGTCAA
716,S517,GCGTAAGA,B720,GGCAAGTT
717,S517,GCGTAAGA,B721,AAGCGACT
718,S517,GCGTAAGA,B722,GGATCTGA
719,S517,GCGTAAGA,B723,CCGTTATG
720,S517,GCGTAAGA,B724,TGCAAGAC
721,S518,CTATTAAG,B713,AACTGAGG
722,S518,CTATTAAG,B714,TGGAAGCA
723,S518,CTATTAAG,B715,CAGGATGT
724,S518,CTATTAAG,B716,GTAAGCAC
725,S518,CTATTAAG,B717,CAGAACTG
726,S518,CTATTAAG,B718,GTCGTTAC
727,S518,CTATTAAG,B719,CCTGTCAA
728,S518,CTATTAAG,B720,GGCAAGTT
729,S518,CTATTAAG,B721,AAGCGACT
730,S518,CTATTAAG,B722,GGATCTGA
731,S518,CTATTAAG,B723,CCGTTATG
732,S518,CTATTAAG,B724,TGCAAGAC
733,S520,AAGGCTAT,B713,AACTGAGG
734,S520,AAGGCTAT,B714,TGGAAGCA
735,S520,AAGGCTAT,B715,CAGGATGT
736,S520,AAGGCTAT,B716,GTAAGCAC
737,S520,AAGGCTAT,B717,CAGAACTG
738,S520,AAGGCTAT,B718,GTCGTTAC
739,S520,AAGGCTAT,B719,CCTGTCAA
740,S520,AAGGCTAT,B720,GGCAAGTT
741,S520,AAGGCTAT,B721,AAGCGACT
742,S520,AAGGCTAT,B722,GGATCTGA
743,S520,AAGGCTAT,B723,CCGTTATG
744,S520,AAGGCTAT,B724,TGCAAGAC
745,S521,GAGCCTTA,B713,AACTGAGG
746,S521,GAGCCTTA,B714,TGGAAGCA
747,S521,GAGCCTTA,B715,CAGGATGT
748,S521,GAGCCTTA,B716,GTAAGCAC
749,S521,GAGCCTTA,B717,CAGAACTG
750,S521,GAGCCTTA,B718,GTCGTTAC
751,S521,GAGCCTTA,B719,CCTGTCAA
752,S521,GAGCCTTA,B720,GGCAAGTT
753,S521,GAGCCTTA,B721,AAGCGACT
754,S521,GAGCCTTA,B722,GGATCTGA
755,S521,GAGCCTTA,B723,CCGTTATG
756,S521,GAGCCTTA,B724,TGCAAGAC
757,S522,TTATGCGA,B713,AACTGAGG
758,S522,TTATGCGA,B714,TGGAAGCA
759,S522,TTATGCGA,B715,CAGGATGT
760,S522,TTATGCGA,B716,GTAAGCAC
761,S522,TTATGCGA,B717,CAGAACTG
762,S522,TTATGCGA,B718,GTCGTTAC
763,S522,TTATGCGA,B719,CCTGTCAA
764,S522,TTATGCGA,B720,GGCAAGTT
765,S522,TTATGCGA,B721,AAGCGACT
766,S522,TTATGCGA,B722,GGATCTGA
767,S522,TTATGCGA,B723,CCGTTATG
768,S522,TTATGCGA,B724,TGCAAGAC
769,B501,TTGAGCTC,D701,CGAGTAAT
770,B501,TTGAGCTC,D702,TCTCCGGA
771,B501,TTGAGCTC,D703,AATGAGCG
772,B501,TTGAGCTC,D704,GGAATCTC
773,B501,TTGAGCTC,D705,TTCTGAAT
774,B501,TTGAGCTC,D706,ACGAATTC
775,B501,TTGAGCTC,D707,AGCTTCAG
776,B501,TTGAGCTC,D708,GCGCATTA
777,B501,TTGAGCTC,D709,CATAGCCG
778,B501,TTGAGCTC,D710,TTCGCGGA
779,B501,TTGAGCTC,D711,GCGCGAGA
780,B501,TTGAGCTC,D712,CTATCGCT
781,B502,ACCGCTAT,D701,CGAGTAAT
782,B502,ACCGCTAT,D702,TCTCCGGA
783,B502,ACCGCTAT,D703,AATGAGCG
784,B502,ACCGCTAT,D704,GGAATCTC
785,B502,ACCGCTAT,D705,TTCTGAAT
786,B502,ACCGCTAT,D706,ACGAATTC
787,B502,ACCGCTAT,D707,AGCTTCAG
788,B502,ACCGCTAT,D708,GCGCATTA
789,B502,ACCGCTAT,D709,CATAGCCG
790,B502,ACCGCTAT,D710,TTCGCGGA
791,B502,ACCGCTAT,D711,GCGCGAGA
792,B502,ACCGCTAT,D712,CTATCGCT
793,B503,CCATGAAC,D701,CGAGTAAT
794,B503,CCATGAAC,D702,TCTCCGGA
795,B503,CCATGAAC,D703,AATGAGCG
796,B503,CCATGAAC,D704,GGAATCTC
797,B503,CCATGAAC,D705,TTCTGAAT
798,B503,CCATGAAC,D706,ACGAATTC
799,B503,CCATGAAC,D707,AGCTTCAG
800,B503,CCATGAAC,D708,GCGCATTA
801,B503,CCATGAAC,D709,CATAGCCG
802,B503,CCATGAAC,D710,TTCGCGGA
803,B503,CCATGAAC,D711,GCGCGAGA
804,B503,CCATGAAC,D712,CTATCGCT
805,B504,TGTCAGTG,D701,CGAGTAAT
806,B504,TGTCAGTG,D702,TCTCCGGA
807,B504,TGTCAGTG,D703,AATGAGCG
808,B504,TGTCAGTG,D704,GGAATCTC
809,B504,TGTCAGTG,D705,TTCTGAAT
810,B504,TGTCAGTG,D706,ACGAATTC
811,B504,TGTCAGTG,D707,AGCTTCAG
812,B504,TGTCAGTG,D708,GCGCATTA
813,B504,TGTCAGTG,D709,CATAGCCG
814,B504,TGTCAGTG,D710,TTCGCGGA
815,B504,TGTCAGTG,D711,GCGCGAGA
816,B504,TGTCAGTG,D712,CTATCGCT
817,B505,CGAATTGC,D701,CGAGTAAT
818,B505,CGAATTGC,D702,TCTCCGGA
819,B505,CGAATTGC,D703,AATGAGCG
820,B505,CGAATTGC,D704,GGAATCTC
821,B505,CGAATTGC,D705,TTCTGAAT
822,B505,CGAATTGC,D706,ACGAATTC
823,B505,CGAATTGC,D707,AGCTTCAG
824,B505,CGAATTGC,D708,GCGCATTA
825,B505,CGAATTGC,D709,CATAGCCG
826,B505,CGAATTGC,D710,TTCGCGGA
827,B505,CGAATTGC,D711,GCGCGAGA
828,B505,CGAATTGC,D712,CTATCGCT
829,B506,TATGACCG,D701,CGAGTAAT
830,B506,TATGACCG,D702,TCTCCGGA
831,B506,TATGACCG,D703,AATGAGCG
832,B506,TATGACCG,D704,GGAATCTC
833,B506,TATGACCG,D705,TTCTGAAT
834,B506,TATGACCG,D706,ACGAATTC
835,B506,TATGACCG,D707,AGCTTCAG
836,B506,TATGACCG,D708,GCGCATTA
837,B506,TATGACCG,D709,CATAGCCG
838,B506,TATGACCG,D710,TTCGCGGA
839,B506,TATGACCG,D711,GCGCGAGA
840,B506,TATGACCG,D712,CTATCGCT
841,B507,AATTCCGG,D701,CGAGTAAT
842,B507,AATTCCGG,D702,TCTCCGGA
843,B507,AATTCCGG,D703,AATGAGCG
844,B507,AATTCCGG,D704,GGAATCTC
845,B507,AATTCCGG,D705,TTCTGAAT
846,B507,AATTCCGG,D706,ACGAATTC
847,B507,AATTCCGG,D707,AGCTTCAG
848,B507,AATTCCGG,D708,GCGCATTA
849,B507,AATTCCGG,D709,CATAGCCG
850,B507,AATTCCGG,D710,TTCGCGGA
851,B507,AATTCCGG,D711,GCGCGAGA
852,B507,AATTCCGG,D712,CTATCGCT
853,B508,GTCAGTCA,D701,CGAGTAAT
854,B508,GTCAGTCA,D702,TCTCCGGA
855,B508,GTCAGTCA,D703,AATGAGCG
856,B508,GTCAGTCA,D704,GGAATCTC
857,B508,GTCAGTCA,D705,TTCTGAAT
858,B508,GTCAGTCA,D706,ACGAATTC
859,B508,GTCAGTCA,D707,AGCTTCAG
860,B508,GTCAGTCA,D708,GCGCATTA
861,B508,GTCAGTCA,D709,CATAGCCG
862,B508,GTCAGTCA,D710,TTCGCGGA
863,B508,GTCAGTCA,D711,GCGCGAGA
864,B508,GTCAGTCA,D712,CTATCGCT
865,B501,TTGAGCTC,N716,TAGCGAGT
866,B501,TTGAGCTC,N718,GTAGCTCC
867,B501,TTGAGCTC,N719,TACTACGC
868,B501,TTGAGCTC,N720,AGGCTCCG
869,B501,TTGAGCTC,N721,GCAGCGTA
870,B501,TTGAGCTC,N722,CTGCGCAT
871,B501,TTGAGCTC,N723,GAGCGCTA
872,B501,TTGAGCTC,N724,CGCTCAGT
873,B501,TTGAGCTC,N726,GTCTTAGG
874,B501,TTGAGCTC,N727,ACTGATCG
875,B501,TTGAGCTC,N728,TAGCTGCA
876,B501,TTGAGCTC,N729,GACGTCGA
877,B502,ACCGCTAT,N716,TAGCGAGT
878,B502,ACCGCTAT,N718,GTAGCTCC
879,B502,ACCGCTAT,N719,TACTACGC
880,B502,ACCGCTAT,N720,AGGCTCCG
881,B502,ACCGCTAT,N721,GCAGCGTA
882,B502,ACCGCTAT,N722,CTGCGCAT
883,B502,ACCGCTAT,N723,GAGCGCTA
884,B502,ACCGCTAT,N724,CGCTCAGT
885,B502,ACCGCTAT,N726,GTCTTAGG
886,B502,ACCGCTAT,N727,ACTGATCG
887,B502,ACCGCTAT,N728,TAGCTGCA
888,B502,ACCGCTAT,N729,GACGTCGA
889,B503,CCATGAAC,N716,TAGCGAGT
890,B503,CCATGAAC,N718,GTAGCTCC
891,B503,CCATGAAC,N719,TACTACGC
892,B503,CCATGAAC,N720,AGGCTCCG
893,B503,CCATGAAC,N721,GCAGCGTA
894,B503,CCATGAAC,N722,CTGCGCAT
895,B503,CCATGAAC,N723,GAGCGCTA
896,B503,CCATGAAC,N724,CGCTCAGT
897,B503,CCATGAAC,N726,GTCTTAGG
898,B503,CCATGAAC,N727,ACTGATCG
899,B503,CCATGAAC,N728,TAGCTGCA
900,B503,CCATGAAC,N729,GACGTCGA
901,B504,TGTCAGTG,N716,TAGCGAGT
902,B504,TGTCAGTG,N718,GTAGCTCC
903,B504,TGTCAGTG,N719,TACTACGC
904,B504,TGTCAGTG,N720,AGGCTCCG
905,B504,TGTCAGTG,N721,GCAGCGTA
906,B504,TGTCAGTG,N722,CTGCGCAT
907,B504,TGTCAGTG,N723,GAGCGCTA
908,B504,TGTCAGTG,N724,CGCTCAGT
909,B504,TGTCAGTG,N726,GTCTTAGG
910,B504,TGTCAGTG,N727,ACTGATCG
911,B504,TGTCAGTG,N728,TAGCTGCA
912,B504,TGTCAGTG,N729,GACGTCGA
913,B505,CGAATTGC,N716,TAGCGAGT
914,B505,CGAATTGC,N718,GTAGCTCC
915,B505,CGAATTGC,N719,TACTACGC
916,B505,CGAATTGC,N720,AGGCTCCG
917,B505,CGAATTGC,N721,GCAGCGTA
918,B505,CGAATTGC,N722,CTGCGCAT
919,B505,CGAATTGC,N723,GAGCGCTA
920,B505,CGAATTGC,N724,CGCTCAGT
921,B505,CGAATTGC,N726,GTCTTAGG
922,B505,CGAATTGC,N727,ACTGATCG
923,B505,CGAATTGC,N728,TAGCTGCA
924,B505,CGAATTGC,N729,GACGTCGA
925,B506,TATGACCG,N716,TAGCGAGT
926,B506,TATGACCG,N718,GTAGCTCC
927,B506,TATGACCG,N719,TACTACGC
928,B506,TATGACCG,N720,AGGCTCCG
929,B506,TATGACCG,N721,GCAGCGTA
930,B506,TATGACCG,N722,CTGCGCAT
931,B506,TATGACCG,N723,GAGCGCTA
932,B506,TATGACCG,N724,CGCTCAGT
933,B506,TATGACCG,N726,GTCTTAGG
934,B506,TATGACCG,N727,ACTGATCG
935,B506,TATGACCG,N728,TAGCTGCA
936,B506,TATGACCG,N729,GACGTCGA
937,B507,AATTCCGG,N716,TAGCGAGT
938,B507,AATTCCGG,N718,GTAGCTCC
939,B507,AATTCCGG,N719,TACTACGC
940,B507,AATTCCGG,N720,AGGCTCCG
941,B507,AATTCCGG,N721,GCAGCGTA
942,B507,AATTCCGG,N722,CTGCGCAT
943,B507,AATTCCGG,N723,GAGCGCTA
944,B507,AATTCCGG,N724,CGCTCAGT
945,B507,AATTCCGG,N726,GTCTTAGG
946,B507,AATTCCGG,N727,ACTGATCG
947,B507,AATTCCGG,N728,TAGCTGCA
948,B507,AATTCCGG,N729,GACGTCGA
949,B508,GTCAGTCA,N716,TAGCGAGT
950,B508,GTCAGTCA,N718,GTAGCTCC
951,B508,GTCAGTCA,N719,TACTACGC
952,B508,GTCAGTCA,N720,AGGCTCCG
953,B508,GTCAGTCA,N721,GCAGCGTA
954,B508,GTCAGTCA,N722,CTGCGCAT
955,B508,GTCAGTCA,N723,GAGCGCTA
956,B508,GTCAGTCA,N724,CGCTCAGT
957,B508,GTCAGTCA,N726,GTCTTAGG
958,B508,GTCAGTCA,N727,ACTGATCG
959,B508,GTCAGTCA,N728,TAGCTGCA
960,B508,GTCAGTCA,N729,GACGTCGA
961,B501,TTGAGCTC,B701,CTCTATCG
962,B501,TTGAGCTC,B702,TATCGCGA
963,B501,TTGAGCTC,B703,AAGTCCTC
964,B501,TTGAGCTC,B704,GGCATTCT
965,B501,TTGAGCTC,B705,AACTCGGA
966,B501,TTGAGCTC,B706,TGTCGACT
967,B501,TTGAGCTC,B707,AAGGCGTA
968,B501,TTGAGCTC,B708,GTCCTAAG
969,B501,TTGAGCTC,B709,AAGCCTGA
970,B501,TTGAGCTC,B710,GTATTCCG
971,B501,TTGAGCTC,B711,CCTTAGGT
972,B501,TTGAGCTC,B712,TGCCTCAA
973,B502,ACCGCTAT,B701,CTCTATCG
974,B502,ACCGCTAT,B702,TATCGCGA
975,B502,ACCGCTAT,B703,AAGTCCTC
976,B502,ACCGCTAT,B704,GGCATTCT
977,B502,ACCGCTAT,B705,AACTCGGA
978,B502,ACCGCTAT,B706,TGTCGACT
979,B502,ACCGCTAT,B707,AAGGCGTA
980,B502,ACCGCTAT,B708,GTCCTAAG
981,B502,ACCGCTAT,B709,AAGCCTGA
982,B502,ACCGCTAT,B710,GTATTCCG
983,B502,ACCGCTAT,B711,CCTTAGGT
984,B502,ACCGCTAT,B712,TGCCTCAA
985,B503,CCATGAAC,B701,CTCTATCG
986,B503,CCATGAAC,B702,TATCGCGA
987,B503,CCATGAAC,B703,AAGTCCTC
988,B503,CCATGAAC,B704,GGCATTCT
989,B503,CCATGAAC,B705,AACTCGGA
990,B503,CCATGAAC,B706,TGTCGACT
991,B503,CCATGAAC,B707,AAGGCGTA
992,B503,CCATGAAC,B708,GTCCTAAG
993,B503,CCATGAAC,B709,AAGCCTGA
994,B503,CCATGAAC,B710,GTATTCCG
995,B503,CCATGAAC,B711,CCTTAGGT
996,B503,CCATGAAC,B712,TGCCTCAA
997,B504,TGTCAGTG,B701,CTCTATCG
998,B504,TGTCAGTG,B702,TATCGCGA
999,B504,TGTCAGTG,B703,AAGTCCTC
1000,B504,TGTCAGTG,B704,GGCATTCT
1001,B504,TGTCAGTG,B705,AACTCGGA
1002,B504,TGTCAGTG,B706,TGTCGACT
1003,B504,TGTCAGTG,B707,AAGGCGTA
1004,B504,TGTCAGTG,B708,GTCCTAAG
1005,B504,TGTCAGTG,B709,AAGCCTGA
1006,B504,TGTCAGTG,B710,GTATTCCG
1007,B504,TGTCAGTG,B711,CCTTAGGT
1008,B504,TGTCAGTG,B712,TGCCTCAA
1009,B505,CGAATTGC,B701,CTCTATCG
1010,B505,CGAATTGC,B702,TATCGCGA
1011,B505,CGAATTGC,B703,AAGTCCTC
1012,B505,CGAATTGC,B704,GGCATTCT
1013,B505,CGAATTGC,B705,AACTCGGA
1014,B505,CGAATTGC,B706,TGTCGACT
1015,B505,CGAATTGC,B707,AAGGCGTA
1016,B505,CGAATTGC,B708,GTCCTAAG
1017,B505,CGAATTGC,B709,AAGCCTGA
1018,B505,CGAATTGC,B710,GTATTCCG
1019,B505,CGAATTGC,B711,CCTTAGGT
1020,B505,CGAATTGC,B712,TGCCTCAA
1021,B506,TATGACCG,B701,CTCTATCG
1022,B506,TATGACCG,B702,TATCGCGA
1023,B506,TATGACCG,B703,AAGTCCTC
1024,B506,TATGACCG,B704,GGCATTCT
1025,B506,TATGACCG,B705,AACTCGGA
1026,B506,TATGACCG,B706,TGTCGACT
1027,B506,TATGACCG,B707,AAGGCGTA
1028,B506,TATGACCG,B708,GTCCTAAG
1029,B506,TATGACCG,B709,AAGCCTGA
1030,B506,TATGACCG,B710,GTATTCCG
1031,B506,TATGACCG,B711,CCTTAGGT
1032,B506,TATGACCG,B712,TGCCTCAA
1033,B507,AATTCCGG,B701,CTCTATCG
1034,B507,AATTCCGG,B702,TATCGCGA
1035,B507,AATTCCGG,B703,AAGTCCTC
1036,B507,AATTCCGG,B704,GGCATTCT
1037,B507,AATTCCGG,B705,AACTCGGA
1038,B507,AATTCCGG,B706,TGTCGACT
1039,B507,AATTCCGG,B707,AAGGCGTA
1040,B507,AATTCCGG,B708,GTCCTAAG
1041,B507,AATTCCGG,B709,AAGCCTGA
1042,B507,AATTCCGG,B710,GTATTCCG
1043,B507,AATTCCGG,B711,CCTTAGGT
1044,B507,AATTCCGG,B712,TGCCTCAA
1045,B508,GTCAGTCA,B701,CTCTATCG
1046,B508,GTCAGTCA,B702,TATCGCGA
1047,B508,GTCAGTCA,B703,AAGTCCTC
1048,B508,GTCAGTCA,B704,GGCATTCT
1049,B508,GTCAGTCA,B705,AACTCGGA
1050,B508,GTCAGTCA,B706,TGTCGACT
1051,B508,GTCAGTCA,B707,AAGGCGTA
1052,B508,GTCAGTCA,B708,GTCCTAAG
1053,B508,GTCAGTCA,B709,AAGCCTGA
1054,B508,GTCAGTCA,B710,GTATTCCG
1055,B508,GTCAGTCA,B711,CCTTAGGT
1056,B508,GTCAGTCA,B712,TGCCTCAA
1057,B501,TTGAGCTC,B713,AACTGAGG
1058,B501,TTGAGCTC,B714,TGGAAGCA
1059,B501,TTGAGCTC,B715,CAGGATGT
1060,B501,TTGAGCTC,B716,GTAAGCAC
1061,B501,TTGAGCTC,B717,CAGAACTG
1062,B501,TTGAGCTC,B718,GTCGTTAC
1063,B501,TTGAGCTC,B719,CCTGTCAA
1064,B501,TTGAGCTC,B720,GGCAAGTT
1065,B501,TTGAGCTC,B721,AAGCGACT
1066,B501,TTGAGCTC,B722,GGATCTGA
1067,B501,TTGAGCTC,B723,CCGTTATG
1068,B501,TTGAGCTC,B724,TGCAAGAC
1069,B502,ACCGCTAT,B713,AACTGAGG
1070,B502,ACCGCTAT,B714,TGGAAGCA
1071,B502,ACCGCTAT,B715,CAGGATGT
1072,B502,ACCGCTAT,B716,GTAAGCAC
1073,B502,ACCGCTAT,B717,CAGAACTG
1074,B502,ACCGCTAT,B718,GTCGTTAC
1075,B502,ACCGCTAT,B719,CCTGTCAA
1076,B502,ACCGCTAT,B720,GGCAAGTT
1077,B502,ACCGCTAT,B721,AAGCGACT
1078,B502,ACCGCTAT,B722,GGATCTGA
1079,B502,ACCGCTAT,B723,CCGTTATG
1080,B502,ACCGCTAT,B724,TGCAAGAC
1081,B503,CCATGAAC,B713,AACTGAGG
1082,B503,CCATGAAC,B714,TGGAAGCA
1083,B503,CCATGAAC,B715,CAGGATGT
1084,B503,CCATGAAC,B716,GTAAGCAC
1085,B503,CCATGAAC,B717,CAGAACTG
1086,B503,CCATGAAC,B718,GTCGTTAC
1087,B503,CCATGAAC,B719,CCTGTCAA
1088,B503,CCATGAAC,B720,GGCAAGTT
1089,B503,CCATGAAC,B721,AAGCGACT
1090,B503,CCATGAAC,B722,GGATCTGA
1091,B503,CCATGAAC,B723,CCGTTATG
1092,B503,CCATGAAC,B724,TGCAAGAC
1093,B504,TGTCAGTG,B713,AACTGAGG
1094,B504,TGTCAGTG,B714,TGGAAGCA
1095,B504,TGTCAGTG,B715,CAGGATGT
1096,B504,TGTCAGTG,B716,GTAAGCAC
1097,B504,TGTCAGTG,B717,CAGAACTG
1098,B504,TGTCAGTG,B718,GTCGTTAC
1099,B504,TGTCAGTG,B719,CCTGTCAA
1100,B504,TGTCAGTG,B720,GGCAAGTT
1101,B504,TGTCAGTG,B721,AAGCGACT
1102,B504,TGTCAGTG,B722,GGATCTGA
1103,B504,TGTCAGTG,B723,CCGTTATG
1104,B504,TGTCAGTG,B724,TGCAAGAC
1105,B505,CGAATTGC,B713,AACTGAGG
1106,B505,CGAATTGC,B714,TGGAAGCA
1107,B505,CGAATTGC,B715,CAGGATGT
1108,B505,CGAATTGC,B716,GTAAGCAC
1109,B505,CGAATTGC,B717,CAGAACTG
1110,B505,CGAATTGC,B718,GTCGTTAC
1111,B505,CGAATTGC,B719,CCTGTCAA
1112,B505,CGAATTGC,B720,GGCAAGTT
1113,B505,CGAATTGC,B721,AAGCGACT
1114,B505,CGAATTGC,B722,GGATCTGA
1115,B505,CGAATTGC,B723,CCGTTATG
1116,B505,CGAATTGC,B724,TGCAAGAC
1117,B506,TATGACCG,B713,AACTGAGG
1118,B506,TATGACCG,B714,TGGAAGCA
1119,B506,TATGACCG,B715,CAGGATGT
1120,B506,TATGACCG,B716,GTAAGCAC
1121,B506,TATGACCG,B717,CAGAACTG
1122,B506,TATGACCG,B718,GTCGTTAC
1123,B506,TATGACCG,B719,CCTGTCAA
1124,B506,TATGACCG,B720,GGCAAGTT
1125,B506,TATGACCG,B721,AAGCGACT
1126,B506,TATGACCG,B722,GGATCTGA
1127,B506,TATGACCG,B723,CCGTTATG
1128,B506,TATGACCG,B724,TGCAAGAC
1129,B507,AATTCCGG,B713,AACTGAGG
1130,B507,AATTCCGG,B714,TGGAAGCA
1131,B507,AATTCCGG,B715,CAGGATGT
1132,B507,AATTCCGG,B716,GTAAGCAC
1133,B507,AATTCCGG,B717,CAGAACTG
1134,B507,AATTCCGG,B718,GTCGTTAC
1135,B507,AATTCCGG,B719,CCTGTCAA
1136,B507,AATTCCGG,B720,GGCAAGTT
1137,B507,AATTCCGG,B721,AAGCGACT
1138,B507,AATTCCGG,B722,GGATCTGA
1139,B507,AATTCCGG,B723,CCGTTATG
1140,B507,AATTCCGG,B724,TGCAAGAC
1141,B508,GTCAGTCA,B713,AACTGAGG
1142,B508,GTCAGTCA,B714,TGGAAGCA
1143,B508,GTCAGTCA,B715,CAGGATGT
1144,B508,GTCAGTCA,B716,GTAAGCAC
1145,B508,GTCAGTCA,B717,CAGAACTG
1146,B508,GTCAGTCA,B718,GTCGTTAC
1147,B508,GTCAGTCA,B719,CCTGTCAA
1148,B508,GTCAGTCA,B720,GGCAAGTT
1149,B508,GTCAGTCA,B721,AAGCGACT
1150,B508,GTCAGTCA,B722,GGATCTGA
1151,B508,GTCAGTCA,B723,CCGTTATG
1152,B508,GTCAGTCA,B724,TGCAAGAC